نام فارسی ,نام انگلیسی ,نت اولیه ,نت میانی,نت پایانی,برند ,کالکشن ,عکس,جنسیت
مفیستو کازاموراتی,Casamorati Mefisto,ترنج لیمو، ترش، گریپ فروت,زنبق، اسطوخودوس ، گل رز,سدر، چوب صندل و کهربا، مشک,زرجف,,,مرد
ایده ال بوکه کازاموراتی,Casamorati Bouquet Ideale,دارچين، دانه جوز هندي,پاپيروس، سدر، چوب گاياک ،چوب صندل,شکوفه تنباکو، کومارين،وانيل، مشک,زرجف,,,زن
لیرا کازاموراتی,Lira Casamorati,پرتقال خوني ، ترنج،اسطوخدوس,ياسمن بزرگ گيا، دارچين،شيرين بيان,وانيل، کارامل، مشک,زرجف,,,زن
1888 کازاموراتی,Casamorati 1888,ميخک، گشنيز ، فلفل سياه،زعفران,بهار نارنج، گل رز، يلانگ يلانگ,درخت توس، نعنا هندي،چوب صندل، کهربا,زرجف,,,یونیسکس
گرن بالو کازاموراتی,Casamorati Gran Ballo,کارامل,ياسمن، پيچ امين الدوله،ياسمن بزرگ گيا,وانيل، کهربا,زرجف,,,زن
لاتوسکا کازاموراتی,Casamorati La Tosca,ماندارين ، ليمو شيرازي,برگ بنفشه شيرين،اوکاليپتوس، گل سرخ بلغاري,وانيل، کهربا، مشک ، نعنا هندي,زرجف,,,زن
الکساندریا 2,Alexandria II,دارچين، سيب، چوب بلسان بنفش برزيلي، اسطوخدوس,سدر، گل رز، موگه (گل برف),کهربا، مشک ، چوب صندل،عود,زرجف,,,یونیسکس
ناکسوس,Naxos,ليمو ترش، ليمو شيرازي،اسطوخدوس,دارچين، ترمه (پارچه کشميري)، عسل، ياسمن تاهيتي,وانيل، لوبيا تونکا، برگ توتون,زرجف,,,یونیسکس
اسنتو,Accento,"آناناس , سنبل","زنبق , یاس , فلفل صورتی","وانیل , خس خس , مشک , کهربا , نعناع هندی",زرجف,,,یونیسکس
اپرا,Opera,"میوه‌جات , رز","یلانگ , جوز , کهربا , چرم","وانیل , خس خس , مشک , سدر , نعناع هندی",زرجف,,,یونیسکس
ارباپورا,Erba Pura,"لیمو ترش, ترنج, پرتقال",میوه جات,"وانیل, مشک, کهربا",زرجف,,,یونیسکس
تورینو22,Torino22,زعفران، اکالیپتوس ، ترنج,میت، کلاری سیج ، گوایاک وود,مشک ، چوب خشک,زرجف,,,یونیسکس
مور دن وردز,More Than Words,,"میوه‌جات , گل‌های معطر , روایح چوبی , عنبر , لابدانیوم , صمغ کندر , عود ,روایح شرقی","میوه‌جات , گل‌های معطر , روایح چوبی , عنبر , لابدانیوم , صمغ کندر , عود ,روایح شرقی",زرجف,,,یونیسکس
هرود,Herod,فلفل ، دارچين ، اسمنتوس,فلفل ، دارچين ، اسمنتوس,خس خس ، سدر ، وانيل ، مشک,مارلی,,,مرد
کالان,Kalan,"ادویه جات معطر , پرتقال خونی , فلفل","اسطوخودوس , شکوفه پرتقال","دانه تونکا , روایح چوبی , خزه درخت بلوط , چوب صندل سفید , کهربا",مارلی,,,مرد
گالووی,Galloway,مرکبات ، فلفل سیاه,زنبق ، شکوفه پرتقال,عنبر ، مشک,مارلی,,,یونیسکس
پگاسوس,Pegasus,ترنج ، گل گاو زبان ، زيره سبز,اسطو خودوس عادی ، گل ياس ، بادام تلخ,چوب صندل ، کهربا ، وانيل,مارلی,,,مرد
پرسیوال,Percival,"ترنج , اسطوخودوس , شمعدانی , نارنگی ماندارین","متیل دی‌هیدروجاسمونات , بنفشه , یاس , دارچین , گشنیز","درخت نراد , مشک , آمبروکسان , چوب عنبر",مارلی,,,یونیسکس
لیتون,Layton,اسطوخودوس، نارنج، سیب و پرتقال ماندارین,گل بنفشه، یاسمین و شمعدانی,چوب گایاک، گیاه پاتچولی، چوب صندل، هل، وانیل، فلفل,مارلی,,,یونیسکس
اوجان,Oajan,دارچین ، عسل ، اسمنتوس,لادن ، بنزویین ، شاهبوی ، درمنه,نعناع هندی ، مشک ، وانیل ، لوبیا تونکا,مارلی,,,یونیسکس
دلینا,Delina,"ترنج , سرخالو , ریواس","رز , گل برف , گل صدتومانی","وانیل , مشک , کشمران",مارلی,,,زن
ایسپازون,Ispazon,برگ سرخ ، پرتقال ، ليمو ترش ، آويشن ، لیمو,سوسن دره ای ، سدر ويرجينيا,وانيل ، کهربا ، مشک,مارلی,,,مرد
هالتان,Haltane,ترنج ، اسطوخودوس ، سالویا اسکلاریا,پرالین، زعفران,سدر ، عود,مارلی,,,مرد
آلتیر,Althaïr,هل، دارچین، ترنج ، شکوفه پرتقال,وانیل بوربون ، المی,مشک، آمبروکسان ، چوب گوایاک,مارلی,,,مرد
والایا,Valaya,آلدئید، هلو سفید، پرتقال ماندارین ، ترنج,شکوفه پرتقال، زنبق دره، گلبرگ، خس خس، نیمفیل ، ماهونیا,مشک، آمبروکسان، چوب آکیگالاو ، وانیل,مارلی ,,,زن
آکاستر,Akaster,"لیمو ترش , سرو","رز , شمعدانی","مشک , عود",مارلی,,,یونیسکس
پلاتین,Palatine,گلابی، ترنج، ماندارین,بنفشه,مشک، چوب صندل,مارلی,,,زن
پرسیوس,Perseus,گریپ فروت، ترنج ، کشمش سیاه,ماندارین سبز، خس خس ، گل شمعدانی,چوب خشک، عنبر ، چوب کشمیرد,مارلی,,,مرد
اوریانا,Oriana,پرتقال ماندارین، گریپ فروت، ترنج,شکوفه پرتقال، تمشک، انگور فرنگی سیاه,گل ختمی، خامه، مشک,مارلی,,,زن
کوکو مادمازل,Coco Mademoiselle,پرتقال، ماندارین، شکوفه پرتقال، ترنج,میموس، گل یاس، گل رز، یالانگ یالانگ,لوبیا تونکا، نعناع هندی، اپوپوناکس، وانیل، خس خس، مشک,شنل,,,زن
چنس,Chance,لیمو، آناناس، فلفل قرمز,گل سنبل، گل زنبق، گل یاس,کهربا، مشک، خس خس، پچولی,شنل,,,زن
چنس او تندر,Chance Eau Tendre,گريپ فروت، به,گل رز، ياسمن بزرگ گيا,مشک,شنل,,,زن
الور هوم اسپرت,Allure Homme Sport,آلدهید، پرتقال ماندارین، پرتقال، آب دریا,گل نرولی، فلفل، دانه تونکا,وانبل،خس خس، کهربا، مشک,شنل,,,مرد
بلو شنل,Blue De Chanel,گریپ فروت، لیمو، پرتقال، نعناع، جوزهندی، فلفل قرمز,گل یاس، زنجبیل، درخت سدر، درخت خس خس,رزین لبدانیوم، رزین کندر هندی، درخت پچولی، چوب صندل,شنل,,,مرد
ساواژ,Sauvage,"ترنج, فلفل","اسطوخودوس, شمعدانی, فلفل صورتی, لامی, خس خس, فلفل سیچوان, نعناع هندی","لابدانیوم, آمبروکسان, سدر",دیور,,,مرد
ساواژ الکسیر,Sauvage Elixir,دارچین، جوز هندی، هل، گریپ فروت,اسطوخودوس ,شیرین بیان، چوب صندل، کهربا، نعناع هندی، وتیور هائیتی,دیور,,,مرد
فارنهایت,Fahrenheit,اسطوخودوس ، ماندارین ، جوز ، سدر ، ترنج ، لیمو ، بابونه ، زالزالک,جوز ، شهد عسل ، گل میخک ، چوب صندل ، برگ بنفشه ، گل یاس ، سوسن ، سدر,چرم,دیور,,,مرد
میدنایت پویزن,Midnight Poison,ترنج، پرتقال ماندارین,گل رز,کهربا، وانیل، درخت پچولی,دیور,,,زن
پیور پویزن,Pure Poison,ترنج، پرتقال ماندارین، پرتقال، گل یاس,گل یاسمن، شکوفه پرتقال,کهربا، درخت سدر، چوب صندل,دیور,,,زن
پویزن گرل,Poison Girl,"نارنج , لیمو ترش","رز , شکوفه پرتقال","گل آفتاب پرست , وانیل , دانه تونکا , بادام , چوب صندل سفید , کشمران , بلسان کلمبیایی",دیور,,,زن
هیپنوتیک پویزن,Hypnotic Poison,شيرين بيان، بادام,شيرين بيان، بادام,وانيل، لوبيا تونکا,دیور,,,زن
دیورهوم اینتنس,Dior Homme Intense,گل زنبق، اسطوخودوس,کهربا، وانیل,گیاه مشک مالو، چوب سدر، درخت خس خس,دیور,,,مرد
جادور,J'adore,ترنج، پرتقال ماندارین، گل مگنولیا، خربزه، هلو، گلابی,گل فریسیا، گل یاس، گل برف، گل اکیده، گل رز، گل مریم، بنفشه، آلو,مشک، توت سیاه، وانیل، درهت سدر، گیاه تاج خروس,دیور,,,زن
میس دیور ابسولوتلی بلومینگ,Miss Dior Absolutely Blooming,"تمشک , انار , انگور فرنگی سیاه , فلفل صورتی","رز , گل صدتومانی",مشک,دیور,,,زن
میس دیور چری,Miss Dior Cherie,ماندارین – آناناس – گیلاس – توت فرنگی,گل یاس – گل رز – بنفشه – کارامل – پاپ کرن,مشک – نعناع هندی – عنبر,دیور,,,زن
ادکت,Addict,پتی دانه، توت سیاه,گل یاس،گل سرئوس، گل رز، شکوفه پرتقال,دانه تونکا، وانیل، چوب صندل,دیور,,,زن
بویس د آرجنت,Bois D'Argent,زنبق ، سرو ، دانه سرو کوهی,نعناع هندی ، صمغ درختچه مر,مشک ، کهربا، وانیل ، چرم ، عسل ، روایح چوبی، صمغ گیاهی,دیور,,,یونیسکس
اسپایس بلند,Spice Blend,"زنجبیل , رام (نوشیدنی","ادویه گل میخک , جوز , فلفل صورتی , فلفل , دارچین , گشنیز","روایح چوبی , برگ خشک برگبو",دیور,,,یونیسکس
عود اصفهان,Oud Ispahan,گالبانوم,نعناع هندی,گل رز – عود – چوب صندل,دیور,,,یونیسکس
آنژدمون له سکرت,Ange Ou Demon Le Secret,لیمو ، چای ، بری قرمز,گل یاس ، گل صد تومانی ، سوسن آبی,نت های چوبی ، نعناع هندی,جیوانچی,,,زن
له انخه نویر,L’Ange Noir,فلفل صورتی، بادام ، نارنج,گل سوسن، کنجد,عنبر،دانه تونکا,جیوانچی,,,زن
اگزریوس رژ,Xeryus Rouge,پرتقال ، کاکتوس ، ترخون,گل شمعدانی ، فلفل قرمز ، سدر,چوب صندل ، سدر ، مشک,جیوانچی,,,مرد
ام ام دبلیو,M M W,هل گواتمالایی,پالوسانتو,آمبروکسان، ایزو ای سوپر، سدر اطلس، سدر ویرجینیا ، وتیور هائیتی,جیوانچی,,,یونیسکس
له اینتردیت ابسولو,L'Interdit Absolu,بهار نارنج، اسطوخودوس ، هل,یاس، شکوفه پرتقال ، گل مریم,نعناع هندی ، خس خس ، تنباکو ، رام (نوشیدنی),جیوانچی,,,زن
اونتوس مردانه,Aventus ,"ترنج, آناناس, انگور فرنگی سیاه, سیب","رز, یاس, چوب درخت قان, نعناع هندی","وانیل, خزه درخت بلوط, عنبر, مشک",کرید,,,مرد
سیلور مانتین واتر,Silver Mountain Water,ترنج، پرتقال ماندارین,کشمش بی دانه سیاه، چای سبز,مشک، پتی دانه، رزین باریجه، چوب صندل,کرید,,,یونیسکس
وایکینگ,Viking,انگور فرنگی،بلک کورنت،برگاموت,چوب خیس از آب دریا،رز،نت های میوه ای،نمک دریایی,صندل،امبرگریس،خزه بلوط,کرید,,,مرد
گرین آیریش توئید,Green Irish Tweed,وربنا لیمو، گل زنبق,برگ بنفشه,کهربا، چوب صندل,کرید,,,مرد
آسین گرین تی,Asian Green Tea,"لیمو ترش , ترنج , بهارنارنج , نارنگی ماندارین","توت سیاه , بنفشه , رز , گل آفتاب پرست , چای","چوب صندل سفید , مشک , کهربا",کرید,,,یونیسکس
وایت فلاور,White Flowers,ليمو ترش ، سيب ، برگ بنفشه شيرين,گل شمعداني ، گل رز ، ياسمن بزرگ گيا,گل نرگس ، چوب صندل ، مشک,کرید,,,زن
اونتوس زنانه,AventusFor Her,"لیمو ترش , ترنج , بنفشه , فلفل صورتی , سیب , نعناع هندی","رز , چوب صندل سفید , مشک , بوته وحشی جاوی","انگور فرنگی سیاه , گل یلانگ , یاس بنفش , هلو , کهربا",کرید,,,زن
اونتوس ابسولو,Aventus Absolu,گریپ فروت، انگور فرنگی سیاه ، برگاموت,زنجبیل، هل، دارچین ، مرکبات,فلفل صورتی، نعناع هندی ، وتیور,کرید,,,مرد
هیمالیا,Himalaya,ترنج، گریپ فروت، لیمو,چوب صندل,مشک، سدر، عنبر سائل,کرید,,,مرد
رویال عود,Royal Oud,"لیمو ترش , ترنج , فلفل صورتی","صمغ گالبانیوم , سنبل ختایی , سدر","چوب صندل سفید , مشک , عود",کرید,,,یونیسکس
بویس دو پرتقال,Bois du Portugal,ترنج,لابدانیوم,"چوب صندل سفید , خس خس , عنبر , سدر",کرید,,,مرد
کوئین اف سیلک,Queen Of Silk,زعفران، عثمانتوس ، مگنولیا,میوه شور، گل سرخ، آگاروود (عود) ، نعناع هندی,وانیل ماداگاسکار، مر، آمبروکسان، چوب سدر، مشک ، بخور,کرید,,,زن
سنتاروس,Centaurus,دارچین، تنباکو، هل ، فلفل سیاه,چوب صندل، هلیوتروپ، نعناع هندی، یاس ، شمعدانی,بنزوئین، بوربون وانیل، دانه تونکا، آمبروکسان ، تولو بلسا,کرید,,,یونیسکس
دلفینوس,Delphinus,زنبق,بخور,وانیل,کرید,,,یونیسکس
 بلانچ,Lacoste L.12.12 Blanc, هل ، رزماری ، گریپ فروت, گل مریم,سدر ، چرم ، غلات هندی ، جیر,لاگوست,,,مرد
 اسنشیال,Essential,نارنگی ، برگ مو ، ترنج,فلفل ، گل سرخ بلغای, نعناع هندی ، چوب صندل سفید,لاگوست,,,مرد
لاگوست قرمز,Lacoste Red,سیب,درخت کاج,"خس خس , نعناع هندی",لاگوست,,,مرد
وای,Y,"ترنج , زنجبیل , سیب"," شمعدانی , سالویا , دانه سرو کوهی","دانه تونکا , خس خس , صمغ کندر , سدر , چوب عنبر",ایوسن لورن,,,مرد
اله,Elle, گل صد تومانی، سرخالو،مرکبات معطر,گل فریسیا، گل محمدی، فلفل دانه صورتی ,گل خطمی، نعناع هندی، خس خس,ایوسن لورن,,,زن
سینما,Cinema,گرامانتین، شکوفه بادام، گل نگونسار,زنبق بلادونا ، گل یاس، گل صد تومانی, کهربا، مشک، رزین استیراکس ، وانیل,ایوسن لورن,,,زن
توکسیدو,Tuxedo,گشنيز ، برگ بنفشه شيرين،ترنج,فلفل سياه، گل رز، موگه (گل برف),وانيل، عنبر، نعنا هندي,ایوسن لورن,,,یونیسکس
منیفستو,Manifesto,نت های سبز – ترنج – انگور سیاه, سوسن – گل یاس, چوب صندل – وانیل – لوبیا تونکا,ایوسن لورن,,,زن
لیبر,Libre,"انگور فرنگی سیاه , اسطوخودوس , نارنگی ماندارین , برگ درخت نارنج","اسطوخودوس , یاس , شکوفه پرتقال"," وانیل , عنبر , مشک , سدر",ایوسن لورن,,,زن
لیبر اینتنس,Libre Intense,اسطوخودوس، پرتقال ماندارین، ترنج,اسطوخودوس،ارکیده، شکوفه پرتقال تونس، یاسمین سامباک,دانه تونکا، عنبر، وانیل ماداگاسکار، وتیور,ایوسن لورن,,,زن
سوپریم بوکه,Supreme Bouquet,نت های میوه ای,گل مریم – گل یاس – یالانگ یالانگ,عنبر – مشک – نعناع هندی,ایوسن لورن,,,زن
بیبی کت,Babycat,لامی ، فلفل ، فلفل صورتی, زعفران، کندر,وانیل ، سدر ، جیر,ایوسن لورن,,,یونیسکس
مون پاریس,Mon Paris, توت فرنگی، گلابی، ترنج و تمشک,گل داتوره، شکوفه پرتقال و گل یاس,مشک و نعنا هندی,ایوسن لورن,,,زن
بلک اپیوم,Black opium,گلابی- فلفل صورتی- شکوفه درخت پرتقال,قهوه- یاس,سدر- نعناع هندی- وانیل,ایوسن لورن,,,زن
ایفوریا زنانه,Euphoria,انار,"ارکیده , لاله مردابی","بنفشه , چوب ماهون , مشک , کهربا",کلوین کلین,,,زن
سیلورسنت,Silver Scent,بهارنارنج ، لیمو,رزماری ، جوز ، گشنیز ، اسطوخودوس ، گل شمعدانی ، هل,هسته میوه ، حبوبات تونکا ، چوب ساج ، خس خس,بوگارت,,,مرد
دونا,Donna,یوزو – نت های میوه – لیمو ترش,شکوفه پرتقال آفریقایی – گل یاسمن – لاله مردابی,وانیل – سدر ویرجینیا – چوب صندل – نعناع هندی,تروساردی,,,زن
لجند,Legend,ترنج ایتالیایی، اسطوخودوس فرانسوی,سرو سفید,خزه درخت بلوط,مون بلان,,,مرد
هالوین,Halloween,گل بنفشه – برگ موز – پتیت گرین,فلفل – زنبق کوهی – مگنولیا – گل بنفشه,چوب صندل – وانیل – بخور خوشبو – مر,هالوین,,,زن
روبرتو کاوالی طلایی,Roberto Cavalli Gold,فلفل صورتی,گل پرتقال افريقايی,باقلا تونکا – بنزوئين – وانيل,روبرتو کاوالی,,,زن
لایت بلو,Light Blue,سیب سبز – سدر – گل ساعتی – لیمو,گل رز – گل یاس – بامبو,عنبر – سدر – مشک,لایت بلو,,,زن
دووشن اینتنس,devotion intense,فندق,شکوفه پرتقال,وانیل,لایت بلو,,,زن
دووشن پورهوم,Devotion Pour Homme,لیمو,قهوه,پچولی,لایت بلو,,,مرد
ذن,Zen,ترنج ، پرتقال، رز ، گریپ فروت ، آناناس,لاله مردابی، فریزیا ، بنفشه ، سنبل ، گاردنیای یاسمنی، گل برف ، سیب سرخ,مشک ، کهربا، نعناع هندی ، سدر ، روایح دودی,شی سیدو,,,زن
بلک افغان,Black Afgano,نمونه‌هاي سبز، شاه دانه,رزين و صمغ، قهوه، برگ توتون، نمونه هاي چوبي,بخور ، عود,ناسوماتو,,,یونیسکس
بارائوندا,Baraonda,مشک، ویسکی، رز، عنبر، رایحه،های چوبی,مشک، ویسکی، رز، عنبر، رایحه،های چوبی,مشک، ویسکی، رز، عنبر، رایحه،های چوبی,ناسوماتو,,,یونیسکس
بلامیج,Blamage, چوب‌های سفید، چرم، توس، مشک, چوب‌های سفید، چرم، توس، مشک, چوب‌های سفید، چرم، توس، مشک,ناسوماتو,,,یونیسکس
فانتوماس,Fantomas,خربزه، لاستیک، نت‌های شیرین، دود، باروت، کارامل، نت‌های زمینی، میوه‌ی گرمسیری، ترمه، پاتچولی,خربزه، لاستیک، نت‌های شیرین، دود، باروت، کارامل، نت‌های زمینی، میوه‌ی گرمسیری، ترمه، پاتچولی,خربزه، لاستیک، نت‌های شیرین، دود، باروت، کارامل، نت‌های زمینی، میوه‌ی گرمسیری، ترمه، پاتچولی,ناسوماتو,,,یونیسکس
هندوگرس,Hindu Grass,علف,نمونه های سبز,نعنا هندی – برگ توتون,ناسوماتو,,,یونیسکس
نودیفلورم,Nudiflorum,ریواس,رز ، تمشک ، آمیل سالیسیلات,خزه درخت بلوط ، سدر ، چرم ، روایح حیوانی,ناسوماتو,,,یونیسکس
نارسیسو رودزیگز زنانه مشکی, Narciso Rodriguez for Her EDT,ترنج – شکوفه پرتقال – اسمنتوس,عنبر – مشک, وانیل – خس خس,نارسیسو رودریگز,,,زن
نارسیسو رودریگز زنانه صورتی,Narciso Rodriguez for Her EDP,گل رز – هلو, مشک – کهربا,چوب صندل – نعناع هندی,نارسیسو رودریگز,,,زن
نارسیسو رودریگز مردانه,Narciso Rodriguez for Him,نعناع هندی – عنبر – مشک,نعناع هندی – عنبر – مشک,نعناع هندی – عنبر – مشک,نارسیسو رودریگز,,,مرد
نارسیسو پودری,Narciso Poudree,گل رز – گل یاسمن,مشک,خس خس – سدر – سدر سفید,نارسیسو رودریگز,,,زن
بدبوی,Bad Boy,"ترنج , فلفل","سالویا , سدر","دانه تونکا , کاکائو , چوب عنبر",کارولیناهررا,,,مرد
گودگرل ,Good Girl,بادام-قهوه,مریم-یاس,لوبیای تونکا – غلاف کاکائو,کارولیناهررا,,,زن
سی اچ مردانه,CH Men,"گریپ فروت , ترنج","بنفشه , یاس , جوز , روایح چوبی , زعفران","قند , وانیل , خزه درخت بلوط , چوب صندل سفید , چوب کشمیر , خس خس , جیر , چرم , کهربا",کارولیناهررا,,,مرد
212 سکسی مردانه,212 Sexy Men,"ترنج , ترکیبات سبز , نارنگی ماندارین","گل‌های معطر , فلفل , هل"," وانیل , چوب صندل سفید , چوب گایاک , مشک , کهربا",کارولیناهررا,,,مرد
212 سکسی زنانه,212 Sexy Women,"ترنج , فلفل صورتی , نارنگی ماندارین"," پشمک , رز , شمعدانیان , گل‌های معطر , گاردنیای یاسمنی","بنفشه , وانیل , چوب صندل سفید , مشک , کارامل , نعناع هندی",کارولیناهررا,,,زن
212 وی ای پی مردانه,212 VIP Men,"لیمو ترش , میوه گل ساعت , زنجبیل , فلفل , خاویار","ادویه جات معطر , نعناع","روایح چوبی , چرم , کهربا",کارولیناهررا,,,مرد
212 وی ای پی زنانه,212 VIP Women,گل ساعت,"مشک , گاردنیای یاسمنی"," وانیل , دانه تونکا",کارولیناهررا,,,زن
استالین لدر,Stallion Leather,چرم ، زنجبیل,عثمانتوس ، یاسمین,الیبانوم، لبدانوم ، نعناع هندی,کارولیناهررا,,,یونیسکس
میستری توباکو,Mystery Tobacco,گل اوسمانتوس، زنجبیل، مرکبات، گیاه درمنه,تنباکو، خس خس، سدر، نعناع هندی,دانه تونکا,کارولیناهررا,,,یونیسکس
دیزایر بلو,Desire Blue,ماندارین نارنجی ، لوتوس و ترنج,پرتقال ، چوب بلسان,لوبیا ، کهربا و مشک,دانهیل,,,مرد
دانهیل مردانه قهوه ای,Dunhill for men,ليمو ، اسطو خودوس ، شمعداني ، مریم گلی,رز ، ريشه زنبق زرد ، زنبق- سدر ، ميخک صدپر ، ياس,خس خس ، چوب صندل سفيد ، چرم ، خزه درخت بلوط ، مشک ، لوبیا تونکا,دانهیل,,,مرد
لانويت ترزور, La Nuit Tresor,ترنج – نارنگي – گلابي ,توت فرنگي – گل رز – ميوه گل ساعتي – گل اركيده,وانيل – كارامل – لیچی (هسته ميوه جات) – بخور خوشبو – پاپيروس – بادام سوخته – نعناع هندي – قهوه – شيرين بيان – كومارين,لانکوم,,,زن
لاوی بل,La Vie Est Belle,توت سیاه – گلابی,زنبق – گل یاس – شکوفه پرتقال,وانیل – بادم سوخته – نعنا هندی – لوبیا تونکا,لانکوم,,,زن
میدنایت رز ترزور,Tresor Midnight Rose,گل سرخ بلغاری – رازبری,برگ مو – یاس – فلفل قرمز – گل صدتومانی,وانیل – مشک – سدر,لانکوم,,,زن
بایسردروسی,Baiser de Russie,	ترنج ، لیمو ترش، درخت کاج ، آلو,	یاس، کرانبری,دانه تونکا ، مشک ، وانیل ، چوب صندل سفید ، کارامل,گرلن,,,زن
مون,Mon,"ترنج, اسطوخودوس","زنبق, یاس","وانیل, دانه تونکا, چوب صندل سفید",گرلن,,,زن
لینسنت مجیک,L’Instant Magic,"لیمو ترش , ترنج , رازیانه","بنفشه , رز , فریزیا , گل ابریشم , میخک صدپر","زنبق , وانیل , بادام , چوب صندل سفید , مشک , سدر",گرلن,,,زن
عود اسنشیال,Oud Essentiel,عود، گل رز، زعفران، چرم و سدر,عود، گل رز، زعفران، چرم و سدر,عود، گل رز، زعفران، چرم و سدر,گرلن,,,یونیسکس
سانتال رویال,Santal Royal,"بهارنارنج, یاس","رز, دارچین, هلو","چوب صندل سفید, چرم, مشک, کهربا, عود",گرلن,,,یونیسکس
راش,Rush,مانگا، هلو، گل یاسمن,گشنیز، گل رز، گل یاس,وانیل، نعناع هندی، خس خس,گوچی,,,زن
بلوم,Bloom,"ریشه زنبق , پیچ امین الدوله , گل مریم , یاس , نیلوفر رنگون","ریشه زنبق , پیچ امین الدوله , گل مریم , یاس , نیلوفر رنگون","ریشه زنبق , پیچ امین الدوله , گل مریم , یاس , نیلوفر رنگون",گوچی,,,زن
فلورا,Flora,مرکبات، گل صد تومانی، ماندارین, اسمنتوس، گل رز,چوب صندل، نعناع هندی، فلفل صورتی,گوچی,,,زن
گیلیتی پورهوم,Guilty Pour Homme,اسطوخودوس ، لیمو,شکوفه پرتقال,نعناع هندی ، سدر,گوچی,,,مرد
انکر نویر,Encre Noire,سرو,خس خس,"چوب کشمیر , مشک",لالیک,,,مرد
ستین,Satine,"گل آفتاب پرست , یاس , گاردنیای یاسمنی","وانیل , دانه تونکا , فلفل صورتی","چوب صندل سفید , خس خس , نعناع هندی",لالیک,,,زن
لامور, L’Amour,"ترنج, بهارنارنج, رز"," گل مریم, یاس, گاردنیای یاسمنی","چوب صندل سفید, مشک, سدر",لالیک,,,زن
امبرنویر,Ombre Noire,ترنج ایتالیا، برگ انجیر، نعناع فلفلی,برگ تنباکو، دارچین، پاپیروس,صمغ مِر و اُلیبابوم، کنیاک، دانه تونکا، چوب سرو,لالیک,,,مرد
له پارفوم,Le Parfum,"ترنج , فلفل قرمز شیرین , برگبوی غرب هند","گل آفتاب پرست , یاس , بادام","وانیل , دانه تونکا , چوب صندل سفید , نعناع هندی",لالیک,,,زن
پورهوم,pour Homme,زیره ،  اسطوخودوس ، مریم  گلی ، ریحان ، رازیانه ، ترنج ، لیمو  ، زنبق, چوب صندل ، سرو کوهی ، نعناع هندی ، خس خس ، سدر ، هل,چرم ، حبوبات تونکا ، کهربا ، مشک ، گلسنگ,آزارو,,,مرد
کروم,Chrome, رزماری ، آناناس ، بهارنارنج ، ترنج ، لیمو,پنجه مریم ، گشنیز ، گل یاس ، گلسنگ,چوب صندل ، حبوبات تونکا ، مشک ، خزه ، سدر ، چوب بلسان بنفش برزیل ، هل,آزارو,,,مرد
هفت,7,"فلفل , سیب","بهارنارنج , رز , گل برف , روایح دودی","خس خس , مشک , سدر",لوئوه,,,مرد
کوئیزاس,Quizas,"لیمو ترش , انگور فرنگی سیاه , دانه‌های قرمز , دارچین چینی"," رز , گل مریم , یاس","وانیل , چوب صندل سفید , عسل , مشک , کهربا , نعناع هندی",لوئوه,,,زن
فلاوربمب,Flower Bomb,ترنج – چای – اسمنتوس,گل یاسمن – مانگا – رز – گل ارکیده – شکوفه پرتقال, نعناع هندی – مشک,ویکتوراندرالف,,,زن
اسپایس بمب,Spice Bomb,ترنج ، گریپ فروت,دارچین,چرم ، غلات هندی,ویکتوراندرالف,,,مرد
تیس,Tease,"گلابی , سیب سرخ , نارنگی ماندارین , سرخالو","فریزیا , گل نخود , مگنولیا , یاس , گاردنیای یاسمنی","وانیل , پرالین , چوب صندل سفید , لوبان , مشک , کهربا",ویکتوریا سکرت,,,زن
سو سکسی,So Sexy,سیب,ترنج,خامه,ویکتوریا سکرت,,,زن
بمبشل,Bombshell,نارنگی – گریپ فروت – میوه پشن – آناناس – توت فرنگی, گل صدتومانی – ارکیده – گل یاس – سوسن – توت قرمز,مشک – چوب صندل – گلسنگ,ویکتوریا سکرت,,,زن
وری سکسی نایت,Very Sexy Night,آلو، روایح چوبی،‌ سیب,آلو، روایح چوبی،‌ سیب,آلو، روایح چوبی،‌ سیب,ویکتوریا سکرت,,,زن
آکوا پورهو.م,Aqva Pour Homme,"پرتقال, برگ درخت نارنج, نارنگی ماندارین","اسطوخودوس, گل پنبه, جلبک دریایی","روایح چوبی, سالویا, کهربا, سدر, نعناع هندی",بولگاری,,,مرد
جاسمین نویر,Jasmin Noir,"ترکیبات سبز, گاردنیای یاسمنی"," یاس, بادام","دانه تونکا, روایح چوبی, شیرین بیان, مشک, کهربا, نعناع هندی",بولگاری,,,زن
تایگار,Tygar, لیمو ترش، روایح چوبی، آمبروکسان, لیمو ترش، روایح چوبی، آمبروکسان, لیمو ترش، روایح چوبی، آمبروکسان,بولگاری,,,مرد
اونخ,Onekh,"ادویه جات معطر , چرم , لابدانیوم","ادویه جات معطر , چرم , لابدانیوم","ادویه جات معطر , چرم , لابدانیوم",بولگاری,,,مرد
آمبرو,Ambero,"زنجبیل , فلفل صورتی , زعفران , صمغ کندر","زنجبیل , فلفل صورتی , زعفران , صمغ کندر","زنجبیل , فلفل صورتی , زعفران , صمغ کندر",بولگاری,,,مرد
فالکار,Falkar,دارچین ، جوز,صمغ کندر ، گیاه ناگارموتا,مشک ، عود، زعفران,بولگاری,,,مرد
گیان,Gyan,"یاس , روایح دودی , نعناع هندی","یاس , روایح دودی , نعناع هندی","یاس , روایح دودی , نعناع هندی",بولگاری,,,مرد
اینوکتوس,Invictus,گریپ فوروت – ماندارین – نت های دریایی,گل یاس – نوعی برگ, شاهبوی – نعناع هندی – گلسنگ – چوب گایاک,پاکورابان,,,مرد
وان ملیون,1 Million,نعناع ، ماندارين خونی ، گريپ فروت ، ماندارین,نت های تند ، گل رز ، دارچين,نعناع هندی ، نت های چوبی ، کهربا ، چرم ، عنبر,پاکورابان,,,مرد
لیدی ملیون,Lady Million,تمشک – ليمو  – بهار نارنج,ياسمن – گل ياس – گل پرتقال آفريقايی,کهربا – عسل سفيد – نعناع – عنبر – نعناع هندی,پاکورابان,,,زن
آکوا دی جیو, Acqua di Gio,پرتقال ، لیمو ترش ، پرتقال ماندارین ، گل یاس ، ترنج ، لیمو ، گل نرولی, جوز ، گل میخک ، گشنیز ، بنفشه ، گل فریزیا ، ترکیبات آبی ، گل رز ، یاسمن ، رزماری ، کلن ، گل پنجه مریم ، هایسسی,عنبر ، نعناع هندی ، گلسنگ ، سدر ، مشک سفید,جورجیو آرمانی,,,مرد
سی,Si,برگ و جوانه انگور فرنگی,رز ، فریزیا,	وانیل ، نعناع هندی ، روایح چوبی، آمبروکسان,جورجیو آرمانی,,,زن
مای وی,My Way,ترنج ، شکوفه پرتقال,یاس، گل مریم,مشک ، وانیل ، سدر,جورجیو آرمانی,,,زن
استرانگر ویت یو صندل وود,Stronger With You Sandalwood,زعفران,گردوی خوارزمی، لیلای بنفش,وانیل، صندل وود، صنوبر,جورجیو آرمانی,,,یونیسکس
آکوا دی جیو اسنزا,Acqua di Gio Essenza,ترنج ، گریپ فوروت ، آب,گل یاس ، نت های گلی ، ریحان ، مریم گلی, مشک ، مریم گلی ، خس خس ، شاهبوی ، سدر ، نعناع هندی ، فلفل سیاه ، عنبر,جورجیو آرمانی,,,مرد
اکلت,Eclat d´Arpege,مشک ، کهربا، سدر ، برگ درخت نارنج، گل صدتومانی، چای ، گل ویستریا، شکوفه هلو ، گل اوسمانتوس ، یاس بنفش,مشک ، کهربا، سدر ، برگ درخت نارنج، گل صدتومانی، چای ، گل ویستریا، شکوفه هلو ، گل اوسمانتوس ، یاس بنفش,مشک ، کهربا، سدر ، برگ درخت نارنج، گل صدتومانی، چای ، گل ویستریا، شکوفه هلو ، گل اوسمانتوس ، یاس بنفش,لنوین,,,زن
مری می,Marry Me,پرتقال تلخ – مانگا – هلو,ماگنولیا – یاسمن – گل سرخ بلغاری,سدر – مشک – کهربا,لنوین,,,زن
مدرن پرنسس,Modern Princess,"انگور فرنگی سرخ , سیب سرخ","فریزیا , یاس","ارکیده , روایح چوبی , مشک",لنوین,,,زن
باکارات رژادو پرفیوم,Baccarat Rouge 540 EDP,یاس – زعفران,عنبر کهربایی,صنوبر – سرو,میسون فرانسیس کرکجان,,,یونیسکس
باکارات رژ اکستریت پرفیوم,Baccarat Rouge 540 Extrait De Parfum,زعفران-بادام,یاس-سدر,دانه تونکا-مشک-عنبر سائل,میسون فرانسیس کرکجان,,,یونیسکس
آکواسلستیا,Aqua Celestia,"لیمو ترش سبز , بهارنارنج , انگور فرنگی سیاه , نعناع","رز , گل ابریشم , ترکیبات سبز",مشک,میسون فرانسیس کرکجان,,,یونیسکس
تق,Terre,پرتقال ، گریپ فروت,گل عطری ، فلفل,نعناع ، سدر ، خس خس ، بنزوئین,هرمس,,,مرد
الکسیر دس مرولیس,Elixir des Merveilles,لیمو و پرتقال,فلفل قرمز شیرین، کهربا و بنفشه,صنوبر، سدر، خس خس و خزه درخت بلوط,هرمس,,,زن
مولکول 02,Molecule 02,امبروکسان,امبروکسان,امبروکسان,اسنتریک,,,یونیسکس
کارتیر پاشا,Cartier Pasha,اسطوخودوس ، ماندارین ، نعناع ، زیره ، رازیانه,گشنیز ، چوب قرمز برزیلی,لادن ، چوب صندل ، نعناع هندی ، گلسنگ,کارتیر,,,مرد
ایکس,x,ترنج، آناناس، ريواس,زنبق، ياسمن بزرگ گيا،پاپريکا,دارچين، وانيل، سدر، کهربا,کلایو کریستین,,,مرد
د تراژدی اف لورد جورج,The Tragedy of Lord George,نت های چوبی، کهربا، دانه تونکا، نوشیدنی الکلی,نت های چوبی، کهربا، دانه تونکا، نوشیدنی الکلی,نت های چوبی، کهربا، دانه تونکا، نوشیدنی الکلی,پنهالیگونز,,,مرد
اینتو د بلو,Into the Blue,اَختَري (ميوه ستاره)، گل هميشه بهار، علف، نمونه هاي سبز,هندوانه، لاله مردابي، گل صد توماني,سدر، نمونه هاي چوبي، کهربا،مشک,اسکادا,,,زن
لئو بلو د ایسه پور هوم,L’Eau Bleue d’Issey Pour Homme,رزماری ، لیمو ، پرتقال ماندارین,سرو ، زنجبیل ، انواع توت ها ، فلفل صورتی ، اسطو خودوس,چوب صندل ، کهربا ، نعناع هندی ، اطلس سدر ، گلسنگ,اسی میاکه,,,مرد
لئوپار,L’Eau Par,یاس بنفش – ماندارین – نعناع – نی – فلفل صورتی,گل نرگس – هلو – رز – بنفشه – فلفل – سوسن,وانیل – سدر – مشک,کنزو,,,زن
استیل,Still,"فلفل , چای , سیب , نارنگی ماندارین , برنج","رز , فریزیا , گل برف , پیچ امین الدوله , شکوفه پرتقال , یاس","زنبق , فلفل , چوب صندل سفید , مشک , کهربا",جنیفرلوپز,,,زن
چمپیون,Champion,ترنج ، لیمو,گالبانوم ، دانه سیگ,گلسنگ ، سدر,دیویدوف,,,مرد
هانر زنانه,Honour Women,روبارب، فلفل، گشنیز,گاردنیا، گل مریم، یاس، زنبق دره، میخک , کهربا، بخور، اوپوپوناکس، خس‌خس، چرم ,آمواج,,,زن
اپیک مردانه,Epic Men,"جوز , فلفل صورتی , هل , زیره , زعفران , صمغ کندر","شمعدانی , صمغ درختچه مر","روایح دودی , چوب صندل سفید , چرم , مشک , فیبر بیدستران , بوته وحشی جاوی , سدر , عود , نعناع هندی",آمواج,,,مرد
جورنی مردانه,Journey for Men,ترنج ، بهار نارنج، هل ، فلفل سیچوان,	تنباکو ، روایح دودی، دانه سرو کوهی,دانه تونکا ، مشک ، چرم ، گیاه ناگارموتا,آمواج,,,مرد
اینترلود مردانه,Interlude Men,پونه کوهی، فلفل ، ترنج,بخور، اوپوپوناکس، کهربا، لابدانوم,عود، چرم، چوب صندل، پچولی,آمواج,,,مرد
پرپس,Purpose,کندر، فلفل سیاه و صورتی، پیمیِنتو، ترنج ,خس خس، پاپیروس، چوب صندل ، رز,آکیگالاوود، زعفران، جیر، میستیکال ,آمواج,,,یونیسکس
سرچ,Search,نارنگی ماندارین، لیمو ترش، لیمو ترش سبز,لامی ، فلفل ، صمغ کندر,خس خس ، چوب گایاک، روغن کرچک,آمواج,,,یونیسکس
بروکن مردانه,Bracken Man,ترنج ، لیمو ترش، اسطوخودوس ، جوز ، ادویه گل میخک ، سرو,سدر ، شمعدانی ، چوب صندل سفید ، دارچین,مشک ، نعناع هندی,آمواج,,,مرد
رفلکشن مردانه,Reflection for Men,	رز ، رزماری ، فلفل قرمز شیرین,	بهار نارنج، ریشه زنبق، یاس,نعناع هندی ، خس خس ، سدر ، چوب صندل سفید,آمواج,,,مرد
اوتلدز,Outlands,المی، فلفل سیچوان، برغموت، لیمو، هل، بخور ,جیران، پچولی، انیس، زعفران، شکوفه پرتقال، گل رز، گشنیز، آرتیشو، زیره ,بنزوئین، وانیل، چوب تبریزی، مالتول، لابدانوم، اوپوناکس، عود، آمبرگریس ، کهربا، مشک، بخور,آمواج,,,یونیسکس
گایدنس,Guidance,گلابی، فندق، کندر,رز، زعفران، یاس سامباک، اسمانتوس,چوب صندل، کهربا، وانیل، لادن، آکیگالا وود,آمواج,,,یونیسکس
فلورنارکوتیک,Fleur Narcotique,ترنج ، سرخالو، هلو,یاس، شکوفه پرتقال ، گل صدتومانی، پتالیا, مشک ، خزه درخت بلوط ، روایح چوبی,ای ایکس نیهیلو,,,یونیسکس
چندیگاراکسپرس,Chandigarh Express,ترنج ، نارنگی ماندارین، هل,چرم ، یاس، درخت نراد، داوانا، ماهونیال,دانه تونکا ، لوبان ، نعناع هندی ، خس خس,ای ایکس نیهیلو,,,یونیسکس
آفریکن لدر,African Leather,زعفران، ليمو ترش، گل شمعداني,هل سبز، زيره سبز,چرم ، نعنا هندي، عود، وتيور,ممو پاریس,,,یونیسکس
ایتالین لدر,Italian Leather,وانيل، چرم، برگ گوجه فرنگي,ريشه زنبق، مريم گلي، گالبانوم,مُرّ، مُرّ شيرين، بلسان پِرويي، بنزوئين,ممو پاریس,,,یونیسکس
رتبا,Retba,"تمشک , رز , فلفل صورتی","زنجبیل , زعفران , عود","وانیل , جوز , هل , دارچین , چوب گایاک , صمغ درختچه مر , کهربا",ممو پاریس,,,یونیسکس
جمال پالاس,Jamal’s Palace,"زعفران , گاردنیای یاسمنی","هل , زردچوبه","کهربا , عود , چرم",ممو پاریس,,,یونیسکس
سیسیلین لدر,Sicilian Leather,لیمو ترش، سدر، چرم، نارنج,ترنج، هل، گشنیز، لیمو ترش سبز، برگ بنفشه,نعناع هندی، درخت نراد، چوب گایاک، چوب آکیگالا,ممو پاریس,,,یونیسکس
راشن لدر,Russian Leather,دانه جوز هندي، ريحان، مريم گلي، نعنا,گشنيز، درخت سرو، درخت کاج، اسطوخدوس,لوبيا تونکا، چرم ، سدر، چوب گاياک,ممو پاریس,,,یونیسکس
آیریش لدر,Irish Leather,ماته (چاي پاراگوئه),سرو کوهي (اُرِس),کهربا، چرم ، لوبيا تونکا,ممو پاریس,,,یونیسکس
جمال دیزرت,Jamal’s Desert, چرم ، رز ، میوه های قرمز, چرم ، رز ، میوه های قرمز, چرم ، رز ، میوه های قرمز,ممو پاریس,,,یونیسکس
آنجلز شیر,Angels’ Share,کنیاک,دانه تونکا ، دارچین ، درخت بلوط,وانیل ، پرالین، چوب صندل سفید,بای کیلیان,,,یونیسکس
اپل برندی آن د راکس,Apple Brandy on the Rocks,ترنج ، هل,سیب ، وانیل ، خزه درخت بلوط ، آناناس ، رام (نوشیدنی),	سدر ، آمبروکسان,بای کیلیان,,,یونیسکس
گودگرل گان بد,Good Girl Gone Bad,"رز , گل اوسمانتوس , یاس","نرگس , گل مریم","کهربا , سدر",بای کیلیان,,,زن
بلک فانتوم,Black Phantom,"گل آفتاب پرست , شکلات , بادام , چوب صندل سفید , قهوه , کارامل , قن","گل آفتاب پرست , شکلات , بادام , چوب صندل سفید , قهوه , کارامل , قن","گل آفتاب پرست , شکلات , بادام , چوب صندل سفید , قهوه , کارامل , قن",بای کیلیان,,,یونیسکس
کنت استاپ لاوینگ یو,Can't Stop Loving You,	شکوفه پرتقال ، پارادیسون,عسل,وانیل ، خزه درخت بلوط ، صمغ کندر,بای کیلیان,,,زن
اسموک فور د سول,Smoke for the Soul,گريپ فروت، مالت,شاه دانه ، هل سبز،اوکاليپتوس,درخت توس، چوب کشميري،برگ توتون,بای کیلیان,,,یونیسکس
استریت تو هیون,Straight to Heaven,خشکبار، ياسمن بزرگ گيا،رام,دانه جوز هندي، سدر، نعنا هندي,وانيل، کهربا، مشک,بای کیلیان,,,یونیسکس
اولد فشن,Old Fashioned,	گندم ، داوانا,	سدر ، گل جاوید,بوته وحشی جاوی ، بلسان کلمبیایی,بای کیلیان,,,یونیسکس
هی وود راکی مانتین,He Wood Rocky Mountain,عنبر ، مشک ، بخورخوشبو ، بنفشه ، سوسن ، فلفل سیاه ، خس خس ، سدر,عنبر ، مشک ، بخورخوشبو ، بنفشه ، سوسن ، فلفل سیاه ، خس خس ، سدر,عنبر ، مشک ، بخورخوشبو ، بنفشه ، سوسن ، فلفل سیاه ، خس خس ، سدر,دسکوارد,,,مرد
بودیسیا د ویکتوریوس هروئین,Boadicea The Victorious Heroine,ترنج، پرتقال، بنفشه,رز، یاس,مشک، وانیل، خس خس، ریشه زنبق,بودیسیا,,,زن
آکواوومن,Aquawoman,گل رز – ترنج – آب دريا,گل رز – سوسن – گل بامیه شکل,مشک – کهربا – انبه,روشاز,,,زن
وومنیتی,Womanity,"انجیر , برگ انجیر , درخت انجیر , خاویار","انجیر , برگ انجیر , درخت انجیر , خاویار","انجیر , برگ انجیر , درخت انجیر , خاویار",تیری موگله,,,زن
الین,Alien,گل یاس,نت های چوبی,کهربا,تیری موگله,,,زن
ادکتیوویبریشن,Addictive Vibration,مشک ، عسل ، شکوفه پرتقال ، ارکیده ، شکوفه سیب,مشک ، عسل ، شکوفه پرتقال ، ارکیده ، شکوفه سیب,مشک ، عسل ، شکوفه پرتقال ، ارکیده ، شکوفه سیب,اینیشیو پارفومز پرایوز,,,زن
ساید افکت,Side Effect,تنباکو، وانیل، دارچین، زعفران، چوب، صندل، هدیونه,تنباکو، وانیل، دارچین، زعفران، چوب، صندل، هدیونه,تنباکو، وانیل، دارچین، زعفران، چوب، صندل، هدیونه,اینیشیو پارفومز پرایوز,,,یونیسکس
سایک ئلیک لاو,Psychedelic Love,ترنج، گیاه یلانگ یلانگ,ترکیب شیمیایی هدیون، گل آفتاب گردان، گل رز بلغاری,"صمغ مر, چوب صندل",اینیشیو پارفومز پرایوز,,,یونیسکس
عودفور گریتنس,Oud for Greatness,اسطوخودوس، زعفران، جوز هندی,عود,نعناع هندی، مشک,اینیشیو پارفومز پرایوز,,,یونیسکس
نارکوتیک د لایت,Narcotic Delight,	فلفل ، فلفل صورتی ، گیلاس,	متیل دی‌هیدروجاسمونات، کنیاک,	وانیل ، تنباکو,اینیشیو پارفومز پرایوز,,,یونیسکس
رهب,Rehab,اسطوخودوس، ترنج,گیاه خس خس، سدر، نعناع هندی,چوب گایاک، چوب صندل، مشک,اینیشیو پارفومز پرایوز,,,یونیسکس
کیریکه,Kirke," تمشک , ماسه دریا, برگ و جوانه انگور فرنگی, گلابی, میوه گل ساعت , هلو",گل برف,"گل آفتاب پرست , وانیل , چوب صندل سفید , مشک , نعناع هندی",تیزیاناترنزی,,,یونیسکس
استادیو چمبر نویر,Studio Chambre Noir,فلفل صورتی,پاپیروس ، آلو ، بنفشه ، بخور خوشبو ، گل یاس,چرم ، وانیل ، نعناع هندی ، چوب صندل ، مشک,الفکتیو,,,یونیسکس
ترونی,Terroni,رزبری,توس، عنبر، بنزوئین,چوب گوایاک، خس خس، سدر، مشک، پاتچولی، تونکا، خزه، وانیل,اورتوپاریسی,,,یونیسکس
مگامار,Megamare,"بنفشه, فلفل, آب دریا, آب, پرتقال","اسطوخودوس, ترکیبات سبز, چای, آب دریا, جلبک دریایی, نمک","خزه درخت بلوط, چوب صندل سفید, عنبر, مشک",اورتوپاریسی,,,یونیسکس
برگاماسک,Bergamask,ترنج، لیمو,اسطوخودوس، شکوفه پرتقال، زنبق دره,مشک، سدر، تونکا,اورتوپاریسی,,,یونیسکس
بوکانرا,Boccanera,فلفل تند، فلفل سیاه، زنجبیل، غلاف کاکائو,یاسمن,شکلات، مشک، چرم، نت‌های حیوانات، پاتچولی، سدر، وانیل، شکر,اورتوپاریسی,,,یونیسکس
کویوم,Cuoium,نت‌های حیوانات، نت‌های چوبی,بنفشه,چرم، بخور دادن، روغن کاد، لبدانوم، سدر، پاتچولی، وانیل,اورتوپاریسی,,,یونیسکس
امبر نومد,Ombre Nomade,"تمشک, رز, شمعدانی, چوب درخت قان, روایح دودی, لوبان, زعفران, عود, چوب عنبر","تمشک, رز, شمعدانی, چوب درخت قان, روایح دودی, لوبان, زعفران, عود, چوب عنبر","تمشک, رز, شمعدانی, چوب درخت قان, روایح دودی, لوبان, زعفران, عود, چوب عنبر",لویی ویتون,,,یونیسکس
ایمجینیشن,Imagination, ترنج، پرتقال، بالنگ,بهار نارنج، دارچین، زنجبیل,چوب گایاک، چای، صمغ کندر، آمبروکسان,لویی ویتون,,,مرد
استلار تایمز,Stellar Times,کهربا، شکوفه پرتقال، نت های چوبی,کهربا، شکوفه پرتقال، نت های چوبی,کهربا، شکوفه پرتقال، نت های چوبی,لویی ویتون,,,یونیسکس
له جور سه لیو,Le Jour se Lève,"گریپ فروت , ترنج , انگور فرنگی سیاه , نارنگی ماندارین , پرتقال","رز , گل برف , گل صدتومانی , مگنولیا , گل اوسمانتوس , یاس , ترکیبات سبز","وانیل , مشک , ترکیب ایزو ای سوپر",لویی ویتون,,,زن
لیمنسیت,L’Immensité,"گریپ فروت , ترنج , زنجبیل","شمعدانی , رزماری , سالویا , آب","لابدانیوم , آمبروکسان , کهربا",لویی ویتون,,,مرد
افترنون سوییم,Afternoon Swim,ترنج ، نارنگی ماندارین، پرتقال، زنجبیل ، عنبر,ترنج ، نارنگی ماندارین، پرتقال، زنجبیل ، عنبر,ترنج ، نارنگی ماندارین، پرتقال، زنجبیل ، عنبر,لویی ویتون,,,یونیسکس
آن د بیچ,On The Beach, بهار نارنج، یوزو,رزماری ، آویشن ، ادویه گل میخک ، فلفل صورتی ، ماسه دریا,سرو,لویی ویتون,,,یونیسکس
متیور,Météore,ترنج ، نارنگی ماندارین، پرتقال,بهار نارنج، هل ، جوز ، فلفل ، فلفل صورتی,خس خس,لویی ویتون,,,مرد
پسیفیک چیل,Pacific Chill, پرتقال، مرکبات، نعناع، ​​لیمو، کشمش سیاه ، گشنیز,زردآلو، ریحان، دانه هویج ، رز,خرما، انجیر ، آمبرت,لویی ویتون,,,یونیسکس
سیتی آف استارز,City Of Stars,لیمو، پرتقال خونی، ماندارین خونی، لیمو ، ترنج,گل تیاره,نت های پودری، مشک ، چوب صندل,لویی ویتون,,,یونیسکس
ایتالین سایپروس,Italian Cypress,سرو ایتالیایی ، نت های چوبی ، نعناع ، مرکبات ، ریحان,سرو ایتالیایی ، نت های چوبی ، نعناع ، مرکبات ، ریحان,سرو ایتالیایی ، نت های چوبی ، نعناع ، مرکبات ، ریحان,تام فورد,,,یونیسکس
وانیلا سکس,Vanilla Sex,بادام تلخ,وانیل ، نت‌های گلی,وانیل مطلق، اولتراوانیل، دانه تونکا ، چوب صندل,تام فورد,,,یونیسکس
ابن فیوم,Ébène Fumé,پالو سانتو ، برگ بنفشه ، فلفل سیاه ، روایح دودی,چرم ، پاپیروس ، لابدانیوم ، رز ، روغن کرچک,چوب آبنوس ، صمغ گیاهی ، چوب گایاک,تام فورد,,,یونیسکس
بیترپیچ,Bitter Peach,پرتقال خونی ، هلو ، هل، گل آفتاب پرست,رام (نوعی نوشیدنی)، یاس، داوانا,نعناع هندی، چوب صندل سفید،‌ وانیل، دانه تونکا، کشمران، لابدانیوم، بنزوئین، خس خس، بوته وحشی,تام فورد,,,یونیسکس
بلک ارکید,Black Orchid,"لیمو ترش , ترنج , انگور فرنگی سیاه , گل یلانگ , یاس , نارنگی ماندارین , قارچ توبر , گاردنیای یاسمنی"," ادویه جات معطر , میوه‌جات , ارکیده , گل یلانگ , لاله مردابی , یاس","وانیل , شکلات , روایح دودی , چوب صندل سفید , خس خس , کهربا , نعناع هندی",تام فورد,,,یونیسکس
امبرلدر,Ombré Leather,برگ بنفشه، سدر,یاس، زنبق,چرم، نت های چوبی، تنباکو,تام فورد,,,یونیسکس
توسکان لدر,Tuscan Leather,"تمشک , آویشن , زعفران","یاس , صمغ کندر","روایح چوبی , جیر , چرم , کهربا",تام فورد,,,یونیسکس
فاکینگ فابیولس,Fucking Fabulous,"اسطوخودوس , سالویا اسکلاریا"," وانیل , بادام , پونه کوهی , چرم","دانه تونکا , روایح چوبی , کشمران , کهربا , چرم",تام فورد,,,یونیسکس
توباکو وانیل,Tobacco Vanille,تنباکو ، ادویه جات معطر,دانه تونکا ، وانیل ، شکوفه تنباکو ، کاکائو,روایح چوبی، خشکبار,تام فورد,,,یونیسکس
لاست چری,Lost Cherry,"آلبالو , بادام","آلبالو , رز , یاس","دانه تونکا , چوب صندل سفید , خس خس , بلسان پرویی , سدر",تام فورد,,,یونیسکس
عودوود,Oud Wood,"وانیل , دانه تونکا , روایح چوبی , دارچین , چوب صندل سفید , خس خس , فلفل سیچوان , کهربا , عود","وانیل , دانه تونکا , روایح چوبی , دارچین , چوب صندل سفید , خس خس , فلفل سیچوان , کهربا , عود","وانیل , دانه تونکا , روایح چوبی , دارچین , چوب صندل سفید , خس خس , فلفل سیچوان , کهربا , عود",تام فورد,,,یونیسکس
چری اسموک,Cherry Smoke,آلبالو ، زعفران,چرم، زیتون، عثمانتوس چینی ، زردآلو,نت های چوبی، دود ، روغن سیپریول یا ناگارموتا,تام فورد,,,یونیسکس
وانیل فتال,Vanille Fatale,گشنیز ، زعفران,قهوه، فرنگی‌پانی، جو ، نرگس,وانیل ماداگاسکار، جیر، تنباکو ، ماهون,تام فورد,,,یونیسکس
بلک لاکر,Black Lacquer,فلفل ، مرکب، صفحه گرامافون، رام (نوشیدنی),لامی ، گل صدتومانی، زردآلو، چوب آبنوس,صمغ کندر,تام فورد,,,یونیسکس
ایتالیکا کازاموراتی,Casamorati Italica,"بادام , زعفران , شیر","وانیل , تافی","چوب صندل سفید , مشک , سدر",زرجف,,,یونیسکس
اسکندل,Scandal,"پرتقال خونی, نارنگی ماندارین","یاس, عسل, گاردنیای یاسمنی, هلو, شکوفه پرتقال","شیرین بیان, موم, کارامل, نعناع هندی",ژان پل گوتیه,,,زن
عود سیو د کینگ,Oud Save The King,چاي، ترنج،,جير ، ريشه زنبق،,چوب صندل، عود،,اتکینسون,,,مرد
کاپتان بلک,Captain Black,توتون ویژه کاپیتان بلک,چوب صندل ، روایح ادویه ای,گیاهان جنگلی ، قهوه ,کاپتان بلک,,,مرد
کریستال نویر,Crystal Noir,"زنجبیل , فلفل , هل","گل صدتومانی , شکوفه پرتقال , نارگیل , گاردنیای یاسمنی","چوب صندل سفید , مشک , کهربا",ورساچه,,,زن
برایت کریستال,Bright Crystal,انار – گریپ فرود,گل صد تومانی – ماگنولیا – نیلوفر آبی,مشک – کهربا – چوب ماهون,ورساچه,,,زن
پورهوم,Pour Homme,گل رز – لیمو – ترنج,سدر – سنبل – گل شمعدانی,کهربا – مشک,ورساچه,,,مرد
اروس مردانه,Eros,پرتقال- پتی دانه – لیمو,لولبیا تنکا – گل شمعدان,غلات هندی – گلسنگ – سدر – وانیل,ورساچه,,,مرد
دیلان بلومردانه,Dylan Blue,"گریپ فروت , ترنج , آب , برگ انجیر","فلفل , برگ بنفشه , آمبروکسان , پاپیروس , نعناع هندی","دانه تونکا , روایح دودی , زعفران , مشک",ورساچه,,,مرد
گادس,Goddess,وانیل٬ اسطوخودوس٬ کاکائو٬ زنجبیل,خاویار وانیلی,وانیل,باربری,,,زن
ناتیکا وویاج,Nautica Voyage,"ترکیبات سبز , سیب","گل ابریشم , لاله مردابی","خزه درخت بلوط , مشک , کهربا , سدر",ناتیکا,,,مرد
سانتال 33,Santal 33, هل سبز، بنفشه شيرين ،زنبق,چوب صندل، پاپيروس,چرم ، کهربا، سدر,له لابو,,,یونیسکس
تیلیا,Tilia,شکوفه لیمو ، یاس,آمبروفیکس ، جرجی وود (تُنی چوبی و کهربایی مدرن) ، هلیوتروپ,وتیور ، گل طاووسی,مارک آنتونی,,,یونیسکس
ری ری,RiRi,"میوه گل ساعت , دارچین , نارنگی ماندارین","فریزیا , پیچ امین الدوله , شکوفه پرتقال , یاس","وانیل , چوب صندل سفید , لوبان , مشک",ریحانا,,,زن
یام بوجی مارشمالو 81,Yum Boujee Marshmallow 81,لیمو ترش، سیب ، فریزیا ، شکوفه شلیل,نارگیل ، شکوفه پرتقال ، توت فرنگی ، پف نبات,	مشک ، وانیل ، تمشک ، قند، آمبروکسان، خامه,کایالی,,,زن
د دوینگ سیلک سانتال 36,The  Wedding Silk Santal 36,شامپاین، فریزیا ، کشمش سیاه,شلیل، پرالین، یاس، شکوفه پرتقال ، رز می,شکر، مشک، چوب صندل، خزه بلوط، عنبر ، وانیل,کایالی,,,زن